{
  "updateBookingByPut" : {
    "transaction" : "updateBookingByPut",
    "sampleCount" : 100,
    "errorCount" : 0,
    "errorPct" : 0.0,
    "meanResTime" : 265.37,
    "medianResTime" : 262.0,
    "minResTime" : 253.0,
    "maxResTime" : 299.0,
    "pct1ResTime" : 281.0,
    "pct2ResTime" : 288.9,
    "pct3ResTime" : 298.99,
    "throughput" : 10.579771476936099,
    "receivedKBytesPerSec" : 9.65404147270419,
    "sentKBytesPerSec" : 5.269222122302159
  },
  "auth" : {
    "transaction" : "auth",
    "sampleCount" : 100,
    "errorCount" : 0,
    "errorPct" : 0.0,
    "meanResTime" : 1086.279999999999,
    "medianResTime" : 1061.0,
    "minResTime" : 1007.0,
    "maxResTime" : 1599.0,
    "pct1ResTime" : 1117.2,
    "pct2ResTime" : 1367.9999999999993,
    "pct3ResTime" : 1598.92,
    "throughput" : 9.252405625462622,
    "receivedKBytesPerSec" : 7.056766399888971,
    "sentKBytesPerSec" : 2.2588880921539602
  },
  "Total" : {
    "transaction" : "Total",
    "sampleCount" : 600,
    "errorCount" : 0,
    "errorPct" : 0.0,
    "meanResTime" : 405.17000000000036,
    "medianResTime" : 265.0,
    "minResTime" : 251.0,
    "maxResTime" : 1599.0,
    "pct1ResTime" : 1054.6,
    "pct2ResTime" : 1070.0,
    "pct3ResTime" : 1310.7000000000003,
    "throughput" : 49.24086992203529,
    "receivedKBytesPerSec" : 43.94715582683627,
    "sentKBytesPerSec" : 15.772466146901928
  },
  "getBooking" : {
    "transaction" : "getBooking",
    "sampleCount" : 200,
    "errorCount" : 0,
    "errorPct" : 0.0,
    "meanResTime" : 271.5999999999997,
    "medianResTime" : 263.0,
    "minResTime" : 251.0,
    "maxResTime" : 937.0,
    "pct1ResTime" : 278.9,
    "pct2ResTime" : 285.95,
    "pct3ResTime" : 906.8600000000056,
    "throughput" : 19.470404984423674,
    "receivedKBytesPerSec" : 17.781955802180686,
    "sentKBytesPerSec" : 3.783799406152648
  },
  "updateBookingByPatch" : {
    "transaction" : "updateBookingByPatch",
    "sampleCount" : 100,
    "errorCount" : 0,
    "errorPct" : 0.0,
    "meanResTime" : 271.74999999999994,
    "medianResTime" : 263.0,
    "minResTime" : 253.0,
    "maxResTime" : 855.0,
    "pct1ResTime" : 283.6,
    "pct2ResTime" : 290.79999999999995,
    "pct3ResTime" : 849.4999999999972,
    "throughput" : 10.561892691170257,
    "receivedKBytesPerSec" : 9.732206511406844,
    "sentKBytesPerSec" : 3.5275071292775664
  },
  "createBooking" : {
    "transaction" : "createBooking",
    "sampleCount" : 100,
    "errorCount" : 0,
    "errorPct" : 0.0,
    "meanResTime" : 264.41999999999996,
    "medianResTime" : 262.0,
    "minResTime" : 252.0,
    "maxResTime" : 301.0,
    "pct1ResTime" : 274.70000000000005,
    "pct2ResTime" : 288.79999999999995,
    "pct3ResTime" : 300.90999999999997,
    "throughput" : 10.612331529236974,
    "receivedKBytesPerSec" : 9.888122811206623,
    "sentKBytesPerSec" : 4.850167144221586
  }
}