{
  "updateBookingByPut" : {
    "transaction" : "updateBookingByPut",
    "sampleCount" : 200,
    "errorCount" : 0,
    "errorPct" : 0.0,
    "meanResTime" : 298.58999999999986,
    "medianResTime" : 293.0,
    "minResTime" : 279.0,
    "maxResTime" : 417.0,
    "pct1ResTime" : 314.0,
    "pct2ResTime" : 324.84999999999997,
    "pct3ResTime" : 416.97,
    "throughput" : 20.48760499897562,
    "receivedKBytesPerSec" : 18.669730203851667,
    "sentKBytesPerSec" : 10.223795072730997
  },
  "auth" : {
    "transaction" : "auth",
    "sampleCount" : 200,
    "errorCount" : 0,
    "errorPct" : 0.0,
    "meanResTime" : 1211.29,
    "medianResTime" : 1157.0,
    "minResTime" : 1109.0,
    "maxResTime" : 2596.0,
    "pct1ResTime" : 1272.4,
    "pct2ResTime" : 1672.3499999999995,
    "pct3ResTime" : 2479.1200000000026,
    "throughput" : 18.17190623296384,
    "receivedKBytesPerSec" : 13.828039819189533,
    "sentKBytesPerSec" : 4.436500545157187
  },
  "Total" : {
    "transaction" : "Total",
    "sampleCount" : 1200,
    "errorCount" : 0,
    "errorPct" : 0.0,
    "meanResTime" : 450.3391666666668,
    "medianResTime" : 293.0,
    "minResTime" : 277.0,
    "maxResTime" : 2596.0,
    "pct1ResTime" : 1149.0,
    "pct2ResTime" : 1172.0,
    "pct3ResTime" : 1568.5000000000005,
    "throughput" : 94.6969696969697,
    "receivedKBytesPerSec" : 84.36969795612373,
    "sentKBytesPerSec" : 30.3942747790404
  },
  "getBooking" : {
    "transaction" : "getBooking",
    "sampleCount" : 400,
    "errorCount" : 0,
    "errorPct" : 0.0,
    "meanResTime" : 297.92249999999996,
    "medianResTime" : 290.0,
    "minResTime" : 277.0,
    "maxResTime" : 979.0,
    "pct1ResTime" : 306.0,
    "pct2ResTime" : 325.9,
    "pct3ResTime" : 380.7600000000002,
    "throughput" : 37.66833035125718,
    "receivedKBytesPerSec" : 34.32305890385159,
    "sentKBytesPerSec" : 7.357095771729918
  },
  "updateBookingByPatch" : {
    "transaction" : "updateBookingByPatch",
    "sampleCount" : 200,
    "errorCount" : 0,
    "errorPct" : 0.0,
    "meanResTime" : 296.5200000000002,
    "medianResTime" : 293.0,
    "minResTime" : 279.0,
    "maxResTime" : 423.0,
    "pct1ResTime" : 313.8,
    "pct2ResTime" : 322.95,
    "pct3ResTime" : 391.8700000000001,
    "throughput" : 20.498103925386904,
    "receivedKBytesPerSec" : 18.855853489802193,
    "sentKBytesPerSec" : 6.866064107820027
  },
  "createBooking" : {
    "transaction" : "createBooking",
    "sampleCount" : 200,
    "errorCount" : 0,
    "errorPct" : 0.0,
    "meanResTime" : 299.79000000000013,
    "medianResTime" : 290.0,
    "minResTime" : 277.0,
    "maxResTime" : 1051.0,
    "pct1ResTime" : 304.0,
    "pct2ResTime" : 324.6499999999999,
    "pct3ResTime" : 994.6700000000058,
    "throughput" : 21.003990758244065,
    "receivedKBytesPerSec" : 19.558325456836798,
    "sentKBytesPerSec" : 9.599480151228732
  }
}